geoid,name,B02001001 - Total:,"B02001001 - Total:, Error",B02001002 - White alone,"B02001002 - White alone, Error",B02001003 - Black or African American alone,"B02001003 - Black or African American alone, Error",B02001004 - American Indian and Alaska Native alone,"B02001004 - American Indian and Alaska Native alone, Error",B02001005 - Asian alone,"B02001005 - Asian alone, Error",B02001006 - Native Hawaiian and Other Pacific Islander alone,"B02001006 - Native Hawaiian and Other Pacific Islander alone, Error",B02001007 - Some other race alone,"B02001007 - Some other race alone, Error",B02001008 - Two or more races:,"B02001008 - Two or more races:, Error",B02001009 - Two races including Some other race,"B02001009 - Two races including Some other race, Error","B02001010 - Two races excluding Some other race, and three or more races","B02001010 - Two races excluding Some other race, and three or more races, Error"
14000US22005030300,"Census Tract 303, Ascension, LA",13732,1012,9779,878,3654,693,14,21,51,109,0,19,187,257,47,54,0,19,47,54
14000US22005030500,"Census Tract 305, Ascension, LA",8966,684,7879,583,589,422,0,17,194,249,0,17,126,204,178,133,0,17,178,133
14000US22005031000,"Census Tract 310, Ascension, LA",6909,647,2119,414,4785,664,0,17,1,2,0,17,4,9,0,17,0,17,0,17
14000US22007050100,"Census Tract 501, Assumption, LA",3787,577,1848,378,1901,476,0,12,0,12,0,12,0,12,38,43,0,12,38,43
14000US22007050300,"Census Tract 503, Assumption, LA",3932,459,1717,277,2168,410,0,12,32,46,0,12,0,12,15,21,0,12,15,21
14000US22007050500,"Census Tract 505, Assumption, LA",2864,459,1383,297,1301,378,19,34,0,12,0,12,99,125,62,75,15,31,47,75
14000US22051020101,"Census Tract 201.01, Jefferson, LA",2814,243,2542,252,123,101,0,12,35,51,0,12,53,81,61,69,1,3,60,69
14000US22051020102,"Census Tract 201.02, Jefferson, LA",2982,304,2837,316,46,49,0,12,43,75,0,12,0,12,56,72,0,12,56,72
14000US22051020201,"Census Tract 202.01, Jefferson, LA",2146,276,1687,275,191,204,0,12,155,110,0,12,70,101,43,47,0,12,43,47
14000US22051020202,"Census Tract 202.02, Jefferson, LA",2889,362,1245,316,995,252,54,77,168,156,0,12,329,226,98,81,45,68,53,46
14000US22051020203,"Census Tract 202.03, Jefferson, LA",7147,647,6003,610,298,253,14,20,602,280,0,17,170,264,60,79,59,79,1,3
14000US22051020301,"Census Tract 203.01, Jefferson, LA",3234,239,2659,412,33,45,0,12,265,206,0,12,8,16,269,316,226,315,43,50
14000US22051020302,"Census Tract 203.02, Jefferson, LA",5379,467,4353,506,53,49,13,22,235,104,0,17,408,412,317,203,0,17,317,203
14000US22051020303,"Census Tract 203.03, Jefferson, LA",3922,274,3462,275,1,4,0,12,176,178,0,12,162,233,121,201,0,12,121,201
14000US22051020400,"Census Tract 204, Jefferson, LA",3187,212,3025,197,0,12,26,38,124,90,0,12,12,21,0,12,0,12,0,12
14000US22051020502,"Census Tract 205.02, Jefferson, LA",6785,585,5372,689,632,393,59,55,184,179,0,17,399,403,139,94,13,22,126,94
14000US22051020505,"Census Tract 205.05, Jefferson, LA",1861,252,356,218,1505,279,0,12,0,12,0,12,0,12,0,12,0,12,0,12
14000US22051020506,"Census Tract 205.06, Jefferson, LA",4197,674,3184,512,486,557,0,12,179,158,0,12,324,304,24,40,0,12,24,40
14000US22051020507,"Census Tract 205.07, Jefferson, LA",3934,409,3484,393,192,133,0,12,177,176,0,12,63,79,18,21,18,21,0,12
14000US22051020508,"Census Tract 205.08, Jefferson, LA",7541,900,5452,813,1445,486,14,26,242,115,0,17,183,234,205,122,44,45,161,105
14000US22051020511,"Census Tract 205.11, Jefferson, LA",4149,342,2947,316,577,246,0,12,359,90,0,12,202,169,64,60,7,14,57,58
14000US22051020512,"Census Tract 205.12, Jefferson, LA",2497,331,1923,339,121,60,0,12,219,171,0,12,214,204,20,29,0,12,20,29
14000US22051020513,"Census Tract 205.13, Jefferson, LA",4819,520,3249,374,745,241,0,12,253,175,0,12,548,377,24,37,0,12,24,37
14000US22051020514,"Census Tract 205.14, Jefferson, LA",3779,233,3578,294,1,2,0,12,96,101,0,12,104,82,0,12,0,12,0,12
14000US22051020515,"Census Tract 205.15, Jefferson, LA",3168,306,2365,296,355,116,154,154,92,65,0,12,196,160,6,11,6,11,0,12
14000US22051020516,"Census Tract 205.16, Jefferson, LA",4609,604,2192,709,1810,542,0,12,11,26,0,12,402,307,194,132,9,15,185,130
14000US22051020517,"Census Tract 205.17, Jefferson, LA",3959,290,3600,330,146,88,28,44,136,126,0,12,49,59,0,12,0,12,0,12
14000US22051020600,"Census Tract 206, Jefferson, LA",4820,590,1340,420,3232,449,0,12,0,12,0,12,232,181,16,25,16,25,0,12
14000US22051020700,"Census Tract 207, Jefferson, LA",1139,245,386,118,585,221,0,12,0,12,0,12,100,114,68,77,0,12,68,77
14000US22051021000,"Census Tract 210, Jefferson, LA",2510,267,1522,190,795,245,3,30,17,25,0,12,116,118,57,66,0,12,57,66
14000US22051021100,"Census Tract 211, Jefferson, LA",2272,308,1982,335,159,134,21,34,82,65,0,12,22,40,6,9,0,12,6,9
14000US22051021200,"Census Tract 212, Jefferson, LA",2386,309,1588,219,469,247,64,100,132,110,0,12,0,12,133,112,74,96,59,51
14000US22051021300,"Census Tract 213, Jefferson, LA",2820,180,2511,203,162,131,0,12,84,74,0,12,52,60,11,18,0,12,11,18
14000US22051021400,"Census Tract 214, Jefferson, LA",2099,158,1863,147,66,63,0,12,66,63,0,12,40,36,64,59,0,12,64,59
14000US22051021500,"Census Tract 215, Jefferson, LA",2843,276,1537,266,810,205,0,12,294,222,0,12,98,122,104,62,9,13,95,61
14000US22051021600,"Census Tract 216, Jefferson, LA",6272,729,4786,732,1001,492,85,98,45,56,0,17,258,319,97,82,65,67,32,39
14000US22051021700,"Census Tract 217, Jefferson, LA",5520,530,4670,487,279,225,291,430,126,108,0,17,87,102,67,64,0,17,67,64
14000US22051021801,"Census Tract 218.01, Jefferson, LA",2254,265,1927,247,169,116,19,24,35,48,0,12,30,50,74,74,16,24,58,72
14000US22051021803,"Census Tract 218.03, Jefferson, LA",4597,592,2098,594,1936,505,17,33,259,202,0,12,84,115,203,188,0,12,203,188
14000US22051021804,"Census Tract 218.04, Jefferson, LA",2089,360,1281,299,513,262,0,12,18,22,0,12,217,326,60,60,19,23,41,58
14000US22051021900,"Census Tract 219, Jefferson, LA",1758,189,1072,158,343,215,0,12,231,139,0,12,53,51,59,71,0,12,59,71
14000US22051022001,"Census Tract 220.01, Jefferson, LA",5207,718,2249,478,2216,520,0,17,615,520,0,17,36,41,91,80,0,17,91,80
14000US22051022002,"Census Tract 220.02, Jefferson, LA",2599,189,2367,181,98,98,113,108,0,12,0,12,21,31,0,12,0,12,0,12
14000US22051022101,"Census Tract 221.01, Jefferson, LA",1452,166,1314,123,2,5,0,12,135,159,0,12,0,12,1,2,0,12,1,2
14000US22051022102,"Census Tract 221.02, Jefferson, LA",2470,284,2043,304,239,154,0,12,175,121,0,12,0,12,13,21,0,12,13,21
14000US22051022200,"Census Tract 222, Jefferson, LA",2217,285,2209,285,1,3,0,12,7,12,0,12,0,12,0,12,0,12,0,12
14000US22051022301,"Census Tract 223.01, Jefferson, LA",2761,270,2612,299,49,58,0,12,53,60,0,12,27,44,20,32,0,12,20,32
14000US22051022302,"Census Tract 223.02, Jefferson, LA",1620,262,1356,216,124,123,12,20,96,83,0,12,0,12,32,35,0,12,32,35
14000US22051022303,"Census Tract 223.03, Jefferson, LA",3443,479,2499,541,307,216,0,12,128,89,0,12,336,315,173,123,36,41,137,111
14000US22051022400,"Census Tract 224, Jefferson, LA",3597,316,3458,346,62,99,5,9,29,29,0,12,35,43,8,14,0,12,8,14
14000US22051022500,"Census Tract 225, Jefferson, LA",2430,316,2272,314,105,133,25,37,26,42,0,12,0,12,2,5,1,3,1,3
14000US22051022600,"Census Tract 226, Jefferson, LA",3306,239,3142,257,72,99,0,12,12,20,0,12,0,12,80,77,0,12,80,77
14000US22051022700,"Census Tract 227, Jefferson, LA",2783,252,2743,256,0,12,0,12,17,26,0,12,0,12,23,36,0,12,23,36
14000US22051022800,"Census Tract 228, Jefferson, LA",2839,226,2604,278,1,3,16,18,15,26,0,12,158,203,45,61,0,12,45,61
14000US22051022900,"Census Tract 229, Jefferson, LA",2769,286,2516,312,158,158,0,12,77,106,0,12,0,12,18,23,8,14,10,17
14000US22051023001,"Census Tract 230.01, Jefferson, LA",1908,135,1831,145,30,47,0,12,8,12,7,17,10,14,22,28,5,8,17,27
14000US22051023002,"Census Tract 230.02, Jefferson, LA",4524,295,4183,336,188,188,43,66,18,27,0,12,80,129,12,18,0,12,12,18
14000US22051023003,"Census Tract 230.03, Jefferson, LA",2907,163,2759,191,42,42,7,12,46,46,0,12,46,43,7,14,0,12,7,14
14000US22051023100,"Census Tract 231, Jefferson, LA",2463,286,2283,279,42,57,30,35,62,93,0,12,46,48,0,12,0,12,0,12
14000US22051023200,"Census Tract 232, Jefferson, LA",2789,233,2560,249,87,74,0,12,13,20,0,12,39,56,90,59,0,12,90,59
14000US22051023300,"Census Tract 233, Jefferson, LA",1725,254,1629,269,8,9,0,12,38,37,0,12,18,28,32,31,24,30,8,12
14000US22051023400,"Census Tract 234, Jefferson, LA",3187,277,3100,323,0,12,52,65,35,56,0,12,0,12,0,12,0,12,0,12
14000US22051023500,"Census Tract 235, Jefferson, LA",4259,285,3965,329,93,74,0,12,8,16,0,12,64,67,129,107,70,77,59,53
14000US22051023600,"Census Tract 236, Jefferson, LA",5177,653,3694,531,668,254,0,17,264,343,0,17,551,358,0,17,0,17,0,17
14000US22051023700,"Census Tract 237, Jefferson, LA",2145,276,42,75,2054,270,0,12,0,12,0,12,0,12,49,35,10,16,39,33
14000US22051023800,"Census Tract 238, Jefferson, LA",3511,415,1968,269,1480,376,0,12,0,12,0,12,11,21,52,73,0,12,52,73
14000US22051023901,"Census Tract 239.01, Jefferson, LA",2401,229,2362,230,7,9,0,12,0,12,0,12,24,37,8,14,0,12,8,14
14000US22051023902,"Census Tract 239.02, Jefferson, LA",2412,146,2310,162,27,30,0,12,53,50,0,12,0,12,22,33,0,12,22,33
14000US22051023903,"Census Tract 239.03, Jefferson, LA",2250,126,2213,121,0,12,0,12,12,18,0,12,13,20,12,17,0,12,12,17
14000US22051023904,"Census Tract 239.04, Jefferson, LA",2761,177,2627,200,103,68,6,11,0,12,0,12,0,12,25,31,0,12,25,31
14000US22051024001,"Census Tract 240.01, Jefferson, LA",2931,183,2883,172,12,26,0,12,11,19,0,12,0,12,25,30,25,30,0,12
14000US22051024002,"Census Tract 240.02, Jefferson, LA",3187,232,3038,246,1,4,0,12,0,12,0,12,133,185,15,24,0,12,15,24
14000US22051024100,"Census Tract 241, Jefferson, LA",3176,238,3115,242,18,16,0,12,15,26,0,12,13,21,15,24,0,12,15,24
14000US22051024201,"Census Tract 242.01, Jefferson, LA",2216,317,1875,281,276,169,0,12,24,20,0,12,6,14,35,64,15,36,20,31
14000US22051024202,"Census Tract 242.02, Jefferson, LA",3362,356,1874,299,870,368,10,15,406,260,0,12,71,100,131,131,0,12,131,131
14000US22051024300,"Census Tract 243, Jefferson, LA",2877,340,2662,344,182,116,22,34,0,12,0,12,1,6,10,22,3,19,7,11
14000US22051024400,"Census Tract 244, Jefferson, LA",2747,239,2127,250,471,100,8,13,34,54,0,12,53,68,54,57,11,16,43,55
14000US22051024500,"Census Tract 245, Jefferson, LA",1673,167,1495,186,74,78,0,12,9,18,0,12,35,55,60,52,10,15,50,51
14000US22051024600,"Census Tract 246, Jefferson, LA",1264,250,248,122,976,244,0,12,0,12,0,12,0,12,40,69,1,7,39,64
14000US22051024700,"Census Tract 247, Jefferson, LA",1769,247,1207,199,419,145,63,98,2,5,0,12,0,12,78,66,0,12,78,66
14000US22051024800,"Census Tract 248, Jefferson, LA",3313,257,3246,257,0,12,0,12,67,72,0,12,0,12,0,12,0,12,0,12
14000US22051024900,"Census Tract 249, Jefferson, LA",1477,207,1095,178,285,113,0,12,12,19,0,12,55,87,30,38,0,12,30,38
14000US22051025001,"Census Tract 250.01, Jefferson, LA",8655,815,2212,314,5050,799,17,27,988,303,31,105,201,165,156,109,0,17,156,109
14000US22051025002,"Census Tract 250.02, Jefferson, LA",3117,392,1820,347,621,323,0,12,237,180,0,12,296,267,143,140,26,41,117,135
14000US22051025003,"Census Tract 250.03, Jefferson, LA",3951,370,2319,260,1082,394,14,21,174,169,0,12,314,221,48,54,38,51,10,16
14000US22051025102,"Census Tract 251.02, Jefferson, LA",4106,399,2894,307,847,200,0,12,260,110,0,12,12,15,93,92,0,12,93,92
14000US22051025103,"Census Tract 251.03, Jefferson, LA",3962,343,2094,359,1173,408,0,12,193,206,0,12,297,271,205,226,41,40,164,219
14000US22051025104,"Census Tract 251.04, Jefferson, LA",3832,501,2019,325,1198,429,18,30,141,157,0,12,325,237,131,137,0,12,131,137
14000US22051025201,"Census Tract 252.01, Jefferson, LA",2512,452,659,213,1323,405,14,25,44,51,0,12,457,291,15,30,0,12,15,30
14000US22051025202,"Census Tract 252.02, Jefferson, LA",5835,576,2175,373,2073,581,48,57,173,123,0,17,1261,554,105,90,53,64,52,62
14000US22051025300,"Census Tract 253, Jefferson, LA",2069,199,1536,231,200,137,115,114,0,12,0,12,211,189,7,10,0,12,7,10
14000US22051025400,"Census Tract 254, Jefferson, LA",4241,436,1529,294,1518,352,0,12,208,137,0,12,814,385,172,178,8,14,164,179
14000US22051025500,"Census Tract 255, Jefferson, LA",3010,324,887,184,1622,333,0,12,223,175,0,12,251,172,27,33,0,12,27,33
14000US22051025600,"Census Tract 256, Jefferson, LA",1375,185,1008,177,246,123,0,12,14,24,39,75,68,95,0,12,0,12,0,12
14000US22051025700,"Census Tract 257, Jefferson, LA",1397,229,300,119,962,267,9,15,53,59,0,12,59,60,14,17,0,12,14,17
14000US22051025800,"Census Tract 258, Jefferson, LA",1791,272,803,159,954,209,0,12,0,12,0,12,22,34,12,18,0,12,12,18
14000US22051025900,"Census Tract 259, Jefferson, LA",3379,351,1625,276,1571,367,48,38,0,12,0,12,104,76,31,40,0,12,31,40
14000US22051026000,"Census Tract 260, Jefferson, LA",2066,231,1463,277,287,134,0,12,233,192,0,12,18,28,65,85,0,12,65,85
14000US22051026100,"Census Tract 261, Jefferson, LA",3827,504,1386,327,1869,498,4,10,245,158,0,12,298,197,25,29,0,12,25,29
14000US22051026200,"Census Tract 262, Jefferson, LA",1715,293,26,39,1639,294,0,12,16,23,34,55,0,12,0,12,0,12,0,12
14000US22051026300,"Census Tract 263, Jefferson, LA",2409,326,2114,434,213,204,0,12,50,76,0,12,0,12,32,42,0,12,32,42
14000US22051026400,"Census Tract 264, Jefferson, LA",1613,144,1379,145,113,107,0,12,111,88,0,12,0,12,10,15,0,12,10,15
14000US22051026500,"Census Tract 265, Jefferson, LA",2108,235,1739,219,292,113,0,12,9,14,0,12,11,14,57,59,17,24,40,54
14000US22051026600,"Census Tract 266, Jefferson, LA",1930,251,1534,251,69,49,39,36,0,12,0,12,194,130,94,68,20,22,74,62
14000US22051026700,"Census Tract 267, Jefferson, LA",1962,288,1245,259,497,273,51,39,142,159,0,12,6,11,21,30,15,26,6,11
14000US22051026800,"Census Tract 268, Jefferson, LA",2541,406,555,271,1702,302,0,12,62,73,0,12,173,172,49,76,0,12,49,76
14000US22051026900,"Census Tract 269, Jefferson, LA",3038,293,49,34,2945,286,0,12,0,12,0,12,8,13,36,50,0,12,36,50
14000US22051027000,"Census Tract 270, Jefferson, LA",5419,624,2144,391,2314,626,90,101,647,164,0,17,224,312,0,17,0,17,0,17
14000US22051027100,"Census Tract 271, Jefferson, LA",2562,204,2328,209,157,91,43,50,0,12,0,12,0,12,34,48,0,12,34,48
14000US22051027200,"Census Tract 272, Jefferson, LA",5396,260,4163,336,956,231,27,26,9,18,62,87,131,149,48,40,0,17,48,40
14000US22051027501,"Census Tract 275.01, Jefferson, LA",6503,692,2798,666,3577,701,0,17,19,29,0,17,0,17,109,113,0,17,109,113
14000US22051027502,"Census Tract 275.02, Jefferson, LA",3594,495,1,3,3568,499,0,12,0,12,0,12,0,12,25,28,0,12,25,28
14000US22051027601,"Census Tract 276.01, Jefferson, LA",5459,612,2769,523,1928,386,0,17,620,300,0,17,0,17,142,124,0,17,142,124
14000US22051027602,"Census Tract 276.02, Jefferson, LA",3977,756,664,216,2752,775,165,223,280,139,0,12,81,129,35,46,0,12,35,46
14000US22051027701,"Census Tract 277.01, Jefferson, LA",6168,618,102,76,6060,624,0,17,0,17,0,17,0,17,6,10,0,17,6,10
14000US22051027703,"Census Tract 277.03, Jefferson, LA",4283,449,1749,275,2166,484,13,24,301,205,0,12,54,86,0,12,0,12,0,12
14000US22051027803,"Census Tract 278.03, Jefferson, LA",3085,423,982,292,1422,384,0,12,182,133,0,12,490,386,9,16,0,12,9,16
14000US22051027804,"Census Tract 278.04, Jefferson, LA",7986,708,4074,707,2564,768,8,19,596,304,0,17,636,739,108,140,15,25,93,137
14000US22051027805,"Census Tract 278.05, Jefferson, LA",8829,757,2427,506,4775,760,7,15,1289,369,0,17,71,74,260,276,0,17,260,276
14000US22051027806,"Census Tract 278.06, Jefferson, LA",7311,722,4319,549,1929,576,22,34,256,121,0,17,659,426,126,114,0,17,126,114
14000US22051027807,"Census Tract 278.07, Jefferson, LA",9063,524,5829,458,2094,424,0,17,988,243,0,17,113,135,39,35,0,17,39,35
14000US22051027809,"Census Tract 278.09, Jefferson, LA",7305,523,4211,563,2619,430,60,94,260,176,0,17,126,211,29,46,0,17,29,46
14000US22051027810,"Census Tract 278.10, Jefferson, LA",4340,368,552,169,3132,330,0,12,296,105,0,12,324,311,36,38,0,12,36,38
14000US22051027811,"Census Tract 278.11, Jefferson, LA",3367,316,220,90,3044,298,0,12,5,27,0,12,0,12,98,116,16,18,82,115
14000US22051027812,"Census Tract 278.12, Jefferson, LA",4232,451,509,217,3655,504,0,12,0,12,0,12,0,12,68,75,43,65,25,30
14000US22051027901,"Census Tract 279.01, Jefferson, LA",2913,264,2713,270,25,20,131,69,0,12,0,12,3,5,41,28,13,15,28,23
14000US22051027902,"Census Tract 279.02, Jefferson, LA",2218,347,2204,346,1,3,0,12,1,3,0,12,0,12,12,28,0,12,12,28
14000US22051028000,"Census Tract 280, Jefferson, LA",4292,304,2834,331,818,133,49,72,366,316,0,12,145,161,80,54,0,12,80,54
14000US22051028100,"Census Tract 281, Jefferson, LA",2395,376,332,103,2002,415,0,12,1,2,0,12,0,12,60,83,0,12,60,83
14000US22051028200,"Census Tract 282, Jefferson, LA",4058,486,2216,256,1351,316,52,58,89,138,0,12,276,284,74,54,0,12,74,54
14000US22051980000,"Census Tract 9800, Jefferson, LA",0,12,0,12,0,12,0,12,0,12,0,12,0,12,0,12,0,12,0,12
14000US22051990000,"Census Tract 9900, Jefferson, LA",0,12,0,12,0,12,0,12,0,12,0,12,0,12,0,12,0,12,0,12
14000US22051990100,"Census Tract 9901, Jefferson, LA",0,12,0,12,0,12,0,12,0,12,0,12,0,12,0,12,0,12,0,12
14000US22057020704,"Census Tract 207.04, Lafourche, LA",5885,383,5271,372,304,136,0,17,0,17,0,17,12,22,298,213,0,17,298,213
14000US22057020800,"Census Tract 208, Lafourche, LA",3777,310,3576,267,36,35,14,23,0,12,0,12,0,12,151,155,0,12,151,155
14000US22057021000,"Census Tract 210, Lafourche, LA",3258,340,2807,381,249,224,63,78,30,49,0,12,0,12,109,100,0,12,109,100
14000US22057021100,"Census Tract 211, Lafourche, LA",7524,730,6924,745,52,45,352,292,76,74,0,17,0,17,120,104,0,17,120,104
14000US22057990000,"Census Tract 9900, Lafourche, LA",0,12,0,12,0,12,0,12,0,12,0,12,0,12,0,12,0,12,0,12
14000US22063040902,"Census Tract 409.02, Livingston, LA",5251,541,4803,456,414,302,6,12,0,17,0,17,2,3,26,30,0,17,26,30
14000US22071000100,"Census Tract 1, Orleans, LA",2632,301,2047,271,379,198,0,12,0,12,0,12,116,165,90,95,0,12,90,95
14000US22071000200,"Census Tract 2, Orleans, LA",1233,336,271,135,915,300,0,12,0,12,0,12,11,17,36,29,0,12,36,29
14000US22071000300,"Census Tract 3, Orleans, LA",1014,234,105,63,905,206,0,12,0,12,0,12,4,7,0,12,0,12,0,12
14000US22071000400,"Census Tract 4, Orleans, LA",2189,369,346,120,1770,321,0,12,0,12,0,12,0,12,73,72,0,12,73,72
14000US22071000601,"Census Tract 6.01, Orleans, LA",918,247,0,12,918,247,0,12,0,12,0,12,0,12,0,12,0,12,0,12
14000US22071000602,"Census Tract 6.02, Orleans, LA",3057,400,214,78,2814,387,6,10,17,23,0,12,6,9,0,12,0,12,0,12
14000US22071000603,"Census Tract 6.03, Orleans, LA",1390,192,57,40,850,272,22,39,76,79,0,12,345,300,40,31,0,12,40,31
14000US22071000604,"Census Tract 6.04, Orleans, LA",4982,614,498,118,4317,601,0,12,40,48,0,12,80,131,47,60,0,12,47,60
14000US22071000605,"Census Tract 6.05, Orleans, LA",2099,285,765,154,1325,261,0,12,3,7,0,12,6,13,0,12,0,12,0,12
14000US22071000606,"Census Tract 6.06, Orleans, LA",4207,368,1735,231,2250,296,6,10,121,111,0,12,14,20,81,90,0,12,81,90
14000US22071000607,"Census Tract 6.07, Orleans, LA",3958,379,2238,229,1694,459,0,12,0,12,0,12,0,12,26,45,26,45,0,12
14000US22071000611,"Census Tract 6.11, Orleans, LA",4308,462,61,89,3323,391,0,12,626,214,0,12,298,356,0,12,0,12,0,12
14000US22071000612,"Census Tract 6.12, Orleans, LA",1797,245,1042,200,474,271,24,28,80,92,0,12,110,99,67,81,0,12,67,81
14000US22071000613,"Census Tract 6.13, Orleans, LA",4796,582,570,148,4187,535,0,12,19,20,0,12,0,12,20,32,0,12,20,32
14000US22071000615,"Census Tract 6.15, Orleans, LA",3793,461,1023,298,2625,425,6,11,130,173,0,12,0,12,9,14,0,12,9,14
14000US22071000616,"Census Tract 6.16, Orleans, LA",4485,608,1619,263,2803,571,0,12,29,40,0,12,9,15,25,28,11,18,14,22
14000US22071000617,"Census Tract 6.17, Orleans, LA",3887,577,510,277,3254,597,18,28,30,47,0,12,75,121,0,12,0,12,0,12
14000US22071000618,"Census Tract 6.18, Orleans, LA",3790,330,1466,244,1997,309,37,39,143,97,0,12,65,91,82,82,16,29,66,77
14000US22071000701,"Census Tract 7.01, Orleans, LA",527,112,16,21,511,110,0,12,0,12,0,12,0,12,0,12,0,12,0,12
14000US22071000702,"Census Tract 7.02, Orleans, LA",1644,335,112,78,1522,322,4,7,0,12,0,12,0,12,6,10,0,12,6,10
14000US22071000800,"Census Tract 8, Orleans, LA",1201,232,49,34,1115,236,7,10,0,12,0,12,0,12,30,39,0,12,30,39
14000US22071000901,"Census Tract 9.01, Orleans, LA",647,181,0,12,647,181,0,12,0,12,0,12,0,12,0,12,0,12,0,12
14000US22071000902,"Census Tract 9.02, Orleans, LA",428,239,2,5,426,238,0,12,0,12,0,12,0,12,0,12,0,12,0,12
14000US22071000903,"Census Tract 9.03, Orleans, LA",320,102,0,12,320,102,0,12,0,12,0,12,0,12,0,12,0,12,0,12
14000US22071000904,"Census Tract 9.04, Orleans, LA",786,176,12,15,726,178,0,12,16,21,0,12,19,29,13,18,0,12,13,18
14000US22071001100,"Census Tract 11, Orleans, LA",1700,242,982,168,623,187,7,11,5,8,0,12,46,46,37,33,0,12,37,33
14000US22071001200,"Census Tract 12, Orleans, LA",1554,249,1254,202,210,100,0,12,0,12,0,12,0,12,90,52,0,12,90,52
14000US22071001301,"Census Tract 13.01, Orleans, LA",1654,242,334,98,1301,216,8,12,3,6,0,12,0,12,8,19,0,12,8,19
14000US22071001302,"Census Tract 13.02, Orleans, LA",946,194,43,32,896,204,0,12,7,10,0,12,0,12,0,12,0,12,0,12
14000US22071001401,"Census Tract 14.01, Orleans, LA",1146,236,11,15,1079,219,0,12,0,12,0,12,56,83,0,12,0,12,0,12
14000US22071001402,"Census Tract 14.02, Orleans, LA",1717,250,152,100,1469,219,0,12,0,12,0,12,0,12,96,110,0,12,96,110
14000US22071001500,"Census Tract 15, Orleans, LA",853,224,127,94,709,242,0,12,0,12,0,12,10,14,7,10,0,12,7,10
14000US22071001600,"Census Tract 16, Orleans, LA",0,12,0,12,0,12,0,12,0,12,0,12,0,12,0,12,0,12,0,12
14000US22071001701,"Census Tract 17.01, Orleans, LA",1610,182,8,12,1592,184,0,12,0,12,0,12,0,12,10,11,10,11,0,12
14000US22071001702,"Census Tract 17.02, Orleans, LA",2561,376,492,172,2006,340,0,12,63,59,0,12,0,12,0,12,0,12,0,12
14000US22071001720,"Census Tract 17.20, Orleans, LA",3182,462,32,38,3059,448,0,12,20,23,0,12,13,19,58,68,0,12,58,68
14000US22071001722,"Census Tract 17.22, Orleans, LA",3881,475,100,63,3568,431,0,12,0,12,22,35,158,207,33,40,0,12,33,40
14000US22071001723,"Census Tract 17.23, Orleans, LA",5045,503,245,123,4629,497,0,17,0,17,0,17,16,25,155,188,0,17,155,188
14000US22071001724,"Census Tract 17.24, Orleans, LA",4276,678,302,123,3746,639,0,12,147,156,0,12,49,79,32,36,32,36,0,12
14000US22071001725,"Census Tract 17.25, Orleans, LA",6504,787,138,88,6067,656,0,17,0,17,0,17,250,305,49,60,12,21,37,57
14000US22071001730,"Census Tract 17.30, Orleans, LA",773,152,25,33,735,145,0,12,0,12,0,12,0,12,13,21,0,12,13,21
14000US22071001734,"Census Tract 17.34, Orleans, LA",677,218,554,199,0,12,8,12,52,45,0,12,13,21,50,42,0,12,50,42
14000US22071001735,"Census Tract 17.35, Orleans, LA",1896,251,59,91,1827,252,0,12,0,12,0,12,0,12,10,17,10,17,0,12
14000US22071001736,"Census Tract 17.36, Orleans, LA",1625,348,87,103,1513,331,0,12,14,22,0,12,11,20,0,12,0,12,0,12
14000US22071001737,"Census Tract 17.37, Orleans, LA",2828,349,185,91,2629,335,9,13,5,8,0,12,0,12,0,12,0,12,0,12
14000US22071001739,"Census Tract 17.39, Orleans, LA",1556,231,12,19,1544,232,0,12,0,12,0,12,0,12,0,12,0,12,0,12
14000US22071001740,"Census Tract 17.40, Orleans, LA",4521,502,63,55,4119,501,0,12,24,32,0,12,183,231,132,165,2,25,130,161
14000US22071001741,"Census Tract 17.41, Orleans, LA",1489,142,49,44,875,133,0,12,546,124,0,12,0,12,19,27,0,12,19,27
14000US22071001743,"Census Tract 17.43, Orleans, LA",2068,434,41,43,2000,436,0,12,0,12,0,12,12,25,15,22,0,12,15,22
14000US22071001744,"Census Tract 17.44, Orleans, LA",3587,599,79,73,3475,588,0,12,0,12,0,12,0,12,33,44,22,42,11,19
14000US22071001745,"Census Tract 17.45, Orleans, LA",3773,445,170,103,3404,458,5,11,2,6,0,12,153,189,39,53,29,52,10,17
14000US22071001746,"Census Tract 17.46, Orleans, LA",3970,434,87,60,3869,439,0,12,0,12,0,12,0,12,14,17,0,12,14,17
14000US22071001747,"Census Tract 17.47, Orleans, LA",3595,452,15,19,2769,434,0,12,789,202,0,12,22,36,0,12,0,12,0,12
14000US22071001748,"Census Tract 17.48, Orleans, LA",4530,589,174,129,4083,554,0,12,271,160,0,12,2,6,0,12,0,12,0,12
14000US22071001749,"Census Tract 17.49, Orleans, LA",3079,342,150,119,1019,230,14,23,1623,244,162,240,98,96,13,20,0,12,13,20
14000US22071001750,"Census Tract 17.50, Orleans, LA",3443,577,514,302,854,401,221,250,1723,398,0,12,75,58,56,56,41,52,15,17
14000US22071001751,"Census Tract 17.51, Orleans, LA",678,176,142,77,465,189,6,10,0,12,0,12,65,63,0,12,0,12,0,12
14000US22071001800,"Census Tract 18, Orleans, LA",1442,242,1278,217,72,57,18,29,1,3,0,12,45,68,28,31,6,9,22,30
14000US22071001900,"Census Tract 19, Orleans, LA",1311,257,374,123,905,213,0,12,0,12,0,12,25,41,7,11,0,12,7,11
14000US22071002000,"Census Tract 20, Orleans, LA",1026,240,147,95,843,214,0,12,0,12,0,12,0,12,36,38,0,12,36,38
14000US22071002100,"Census Tract 21, Orleans, LA",699,174,27,34,660,182,0,12,0,12,0,12,0,12,12,18,0,12,12,18
14000US22071002200,"Census Tract 22, Orleans, LA",757,117,28,30,729,129,0,12,0,12,0,12,0,12,0,12,0,12,0,12
14000US22071002300,"Census Tract 23, Orleans, LA",1682,244,122,120,1532,268,0,12,0,12,0,12,0,12,28,33,0,12,28,33
14000US22071002401,"Census Tract 24.01, Orleans, LA",1772,296,155,84,1513,322,10,15,0,12,0,12,29,43,65,61,0,12,65,61
14000US22071002402,"Census Tract 24.02, Orleans, LA",2789,354,334,179,2432,327,0,12,0,12,0,12,0,12,23,40,0,12,23,40
14000US22071002501,"Census Tract 25.01, Orleans, LA",1660,315,314,131,1313,308,0,12,0,12,0,12,0,12,33,41,8,11,25,40
14000US22071002502,"Census Tract 25.02, Orleans, LA",2004,293,74,57,1909,283,0,12,0,12,0,12,0,12,21,19,0,12,21,19
14000US22071002503,"Census Tract 25.03, Orleans, LA",2160,301,620,147,1517,318,0,12,0,12,0,12,15,23,8,18,0,12,8,18
14000US22071002504,"Census Tract 25.04, Orleans, LA",2207,266,546,103,1553,243,9,17,7,12,0,12,8,12,84,67,6,9,78,66
14000US22071002600,"Census Tract 26, Orleans, LA",1273,197,1048,184,147,91,0,12,78,70,0,12,0,12,0,12,0,12,0,12
14000US22071002700,"Census Tract 27, Orleans, LA",1669,326,282,128,1298,327,0,12,27,38,0,12,56,49,6,16,0,12,6,16
14000US22071002800,"Census Tract 28, Orleans, LA",1614,238,7,12,1596,238,1,2,10,13,0,12,0,12,0,12,0,12,0,12
14000US22071002900,"Census Tract 29, Orleans, LA",1408,286,85,98,1323,289,0,12,0,12,0,12,0,12,0,12,0,12,0,12
14000US22071003000,"Census Tract 30, Orleans, LA",1241,227,41,44,1170,230,9,15,0,12,0,12,0,12,21,24,0,12,21,24
14000US22071003100,"Census Tract 31, Orleans, LA",976,250,23,31,842,255,0,12,0,12,0,12,16,15,95,135,13,17,82,135
14000US22071003301,"Census Tract 33.01, Orleans, LA",1922,359,854,180,932,303,0,12,49,54,0,12,87,140,0,12,0,12,0,12
14000US22071003302,"Census Tract 33.02, Orleans, LA",3444,504,213,98,3034,509,15,32,134,138,0,12,21,30,27,26,0,12,27,26
14000US22071003303,"Census Tract 33.03, Orleans, LA",1894,295,392,95,1392,296,13,15,26,27,0,12,40,55,31,26,0,12,31,26
14000US22071003304,"Census Tract 33.04, Orleans, LA",1468,227,174,88,1286,224,4,7,0,12,0,12,0,12,4,7,0,12,4,7
14000US22071003307,"Census Tract 33.07, Orleans, LA",1337,267,11,11,1279,274,0,12,0,12,0,12,47,77,0,12,0,12,0,12
14000US22071003308,"Census Tract 33.08, Orleans, LA",3551,449,187,77,2976,437,0,12,20,28,0,12,249,222,119,82,9,19,110,80
14000US22071003400,"Census Tract 34, Orleans, LA",1171,205,310,88,816,199,0,12,0,12,14,23,4,10,27,25,0,12,27,25
14000US22071003500,"Census Tract 35, Orleans, LA",1202,196,131,68,1055,183,2,6,0,12,0,12,0,12,14,16,7,11,7,11
14000US22071003600,"Census Tract 36, Orleans, LA",1986,285,209,107,1671,311,0,12,0,12,0,12,68,98,38,38,21,32,17,20
14000US22071003701,"Census Tract 37.01, Orleans, LA",2325,318,639,161,1632,315,4,8,41,45,0,12,0,12,9,14,0,12,9,14
14000US22071003702,"Census Tract 37.02, Orleans, LA",3454,424,911,211,2378,448,19,28,29,44,0,12,62,62,55,58,0,12,55,58
14000US22071003800,"Census Tract 38, Orleans, LA",1336,246,1253,230,45,51,0,12,7,11,0,12,0,12,31,43,1,3,30,42
14000US22071003900,"Census Tract 39, Orleans, LA",1218,174,432,117,695,191,0,12,22,24,0,12,11,12,58,47,24,33,34,30
14000US22071004000,"Census Tract 40, Orleans, LA",1672,320,387,221,1250,273,5,10,0,12,0,12,30,31,0,12,0,12,0,12
14000US22071004100,"Census Tract 41, Orleans, LA",1571,169,1312,194,191,90,7,13,9,12,0,12,36,64,16,21,0,12,16,21
14000US22071004401,"Census Tract 44.01, Orleans, LA",1262,295,72,44,1184,293,0,12,0,12,0,12,6,9,0,12,0,12,0,12
14000US22071004402,"Census Tract 44.02, Orleans, LA",64,5,0,12,64,5,0,12,0,12,0,12,0,12,0,12,0,12,0,12
14000US22071004500,"Census Tract 45, Orleans, LA",2093,306,522,119,1454,286,0,12,42,48,0,12,53,46,22,21,0,12,22,21
14000US22071004600,"Census Tract 46, Orleans, LA",2890,269,2583,284,199,105,26,38,0,12,0,12,21,32,61,41,28,29,33,32
14000US22071004800,"Census Tract 48, Orleans, LA",1376,316,1,2,1292,318,0,12,1,2,0,12,0,12,82,80,0,12,82,80
14000US22071004900,"Census Tract 49, Orleans, LA",1645,373,236,180,1313,383,32,45,0,12,0,12,64,71,0,12,0,12,0,12
14000US22071005000,"Census Tract 50, Orleans, LA",1582,356,590,172,620,255,165,146,0,12,0,12,202,200,5,10,0,12,5,10
14000US22071005400,"Census Tract 54, Orleans, LA",1822,290,1361,202,390,203,7,13,0,12,0,12,45,63,19,32,0,12,19,32
14000US22071005500,"Census Tract 55, Orleans, LA",2448,281,2130,259,139,128,0,12,32,37,0,12,136,128,11,16,0,12,11,16
14000US22071005601,"Census Tract 56.01, Orleans, LA",2064,218,1738,189,65,82,0,12,105,79,0,12,146,160,10,11,0,12,10,11
14000US22071005602,"Census Tract 56.02, Orleans, LA",2231,173,2125,179,82,76,1,3,0,12,0,12,0,12,23,24,7,10,16,22
14000US22071005603,"Census Tract 56.03, Orleans, LA",1460,133,1373,140,77,68,0,12,10,13,0,12,0,12,0,12,0,12,0,12
14000US22071005604,"Census Tract 56.04, Orleans, LA",1359,160,1336,158,0,12,4,7,19,32,0,12,0,12,0,12,0,12,0,12
14000US22071006000,"Census Tract 60, Orleans, LA",1601,308,244,119,1150,260,0,12,174,112,0,12,33,50,0,12,0,12,0,12
14000US22071006300,"Census Tract 63, Orleans, LA",1848,360,498,203,1132,282,0,12,3,8,0,12,194,161,21,30,5,13,16,26
14000US22071006400,"Census Tract 64, Orleans, LA",2434,315,1154,256,1136,250,0,12,48,41,0,12,56,62,40,45,0,12,40,45
14000US22071006500,"Census Tract 65, Orleans, LA",2620,271,1500,240,740,180,10,15,38,48,37,50,209,192,86,69,0,12,86,69
14000US22071006900,"Census Tract 69, Orleans, LA",780,258,8,12,772,257,0,12,0,12,0,12,0,12,0,12,0,12,0,12
14000US22071007000,"Census Tract 70, Orleans, LA",1914,426,407,158,1424,422,0,12,41,46,0,12,0,12,42,40,14,28,28,29
14000US22071007101,"Census Tract 71.01, Orleans, LA",1922,278,508,199,1353,233,0,12,10,18,0,12,16,20,35,40,0,12,35,40
14000US22071007200,"Census Tract 72, Orleans, LA",2019,289,83,52,1823,288,0,12,19,28,0,12,26,33,68,92,11,17,57,89
14000US22071007501,"Census Tract 75.01, Orleans, LA",2424,302,31,27,2362,308,0,12,0,12,0,12,31,50,0,12,0,12,0,12
14000US22071007502,"Census Tract 75.02, Orleans, LA",2496,396,0,12,2437,386,0,12,59,89,0,12,0,12,0,12,0,12,0,12
14000US22071007604,"Census Tract 76.04, Orleans, LA",1725,205,1627,201,52,57,0,12,30,47,0,12,0,12,16,26,0,12,16,26
14000US22071007605,"Census Tract 76.05, Orleans, LA",1366,208,149,104,1210,208,0,12,0,12,0,12,0,12,7,10,0,12,7,10
14000US22071007606,"Census Tract 76.06, Orleans, LA",3590,383,2821,323,427,316,0,12,114,133,0,12,42,47,186,142,92,111,94,79
14000US22071007700,"Census Tract 77, Orleans, LA",2528,298,1802,251,572,248,0,12,0,12,0,12,20,23,134,86,4,9,130,86
14000US22071007800,"Census Tract 78, Orleans, LA",1409,314,1153,259,67,50,0,12,59,66,0,12,46,56,84,69,0,12,84,69
14000US22071008200,"Census Tract 82, Orleans, LA",1529,243,1259,215,169,125,0,12,10,15,0,12,20,33,71,47,0,12,71,47
14000US22071008300,"Census Tract 83, Orleans, LA",1249,177,970,216,235,113,0,12,31,36,0,12,8,14,5,9,0,12,5,9
14000US22071008400,"Census Tract 84, Orleans, LA",1336,245,487,118,763,226,0,12,41,42,0,12,6,9,39,35,8,15,31,30
14000US22071008500,"Census Tract 85, Orleans, LA",1345,356,28,34,1133,295,0,12,151,174,0,12,0,12,33,45,27,44,6,7
14000US22071008600,"Census Tract 86, Orleans, LA",771,116,38,41,685,124,0,12,20,29,0,12,28,45,0,12,0,12,0,12
14000US22071008800,"Census Tract 88, Orleans, LA",1737,255,1044,165,614,240,0,12,18,19,0,12,0,12,61,67,0,12,61,67
14000US22071009000,"Census Tract 90, Orleans, LA",1904,310,1689,290,54,77,12,18,70,64,0,12,10,16,69,71,12,19,57,68
14000US22071009100,"Census Tract 91, Orleans, LA",2623,561,765,203,1566,489,64,69,37,36,0,12,191,278,0,12,0,12,0,12
14000US22071009200,"Census Tract 92, Orleans, LA",1173,224,21,24,1128,231,0,12,0,12,0,12,12,20,12,19,12,19,0,12
14000US22071009400,"Census Tract 94, Orleans, LA",1201,213,68,63,1133,208,0,12,0,12,0,12,0,12,0,12,0,12,0,12
14000US22071009600,"Census Tract 96, Orleans, LA",1675,220,1144,212,505,130,0,12,10,15,0,12,0,12,16,23,0,12,16,23
14000US22071009700,"Census Tract 97, Orleans, LA",1602,174,641,112,745,163,0,12,63,69,0,12,113,156,40,49,4,8,36,48
14000US22071009900,"Census Tract 99, Orleans, LA",3218,312,2684,309,381,166,0,12,101,82,3,6,0,12,49,36,14,18,35,32
14000US22071010000,"Census Tract 100, Orleans, LA",1843,442,324,101,1492,434,0,12,6,10,0,12,21,33,0,12,0,12,0,12
14000US22071010100,"Census Tract 101, Orleans, LA",2120,239,1553,234,511,161,18,23,31,38,0,12,0,12,7,10,0,12,7,10
14000US22071010200,"Census Tract 102, Orleans, LA",1514,185,189,92,1294,194,9,13,1,2,0,12,0,12,21,18,5,7,16,18
14000US22071010300,"Census Tract 103, Orleans, LA",2463,316,256,94,2134,312,7,12,0,12,0,12,16,26,50,57,0,12,50,57
14000US22071010600,"Census Tract 106, Orleans, LA",1232,198,680,137,418,180,0,12,0,12,0,12,7,11,127,126,0,12,127,126
14000US22071010700,"Census Tract 107, Orleans, LA",1664,168,1276,174,252,121,0,12,56,45,0,12,6,9,74,103,0,12,74,103
14000US22071010800,"Census Tract 108, Orleans, LA",1411,194,1318,203,63,50,30,41,0,12,0,12,0,12,0,12,0,12,0,12
14000US22071010900,"Census Tract 109, Orleans, LA",3483,452,1848,243,1406,448,158,243,33,35,0,12,13,20,25,38,0,12,25,38
14000US22071011100,"Census Tract 111, Orleans, LA",1673,222,374,140,1218,206,30,53,0,12,0,12,34,39,17,17,10,14,7,10
14000US22071011200,"Census Tract 112, Orleans, LA",1500,166,902,149,449,137,20,22,38,30,0,12,68,71,23,21,0,12,23,21
14000US22071011400,"Census Tract 114, Orleans, LA",1825,188,1623,213,108,124,0,12,58,83,0,12,9,13,27,33,0,12,27,33
14000US22071011500,"Census Tract 115, Orleans, LA",1315,240,1195,185,77,118,8,17,11,25,0,12,0,12,24,27,0,12,24,27
14000US22071011600,"Census Tract 116, Orleans, LA",1520,119,1417,128,28,38,0,12,40,37,11,17,0,12,24,32,0,12,24,32
14000US22071011700,"Census Tract 117, Orleans, LA",2618,252,2489,226,0,12,0,12,54,46,0,12,0,12,75,95,0,12,75,95
14000US22071011900,"Census Tract 119, Orleans, LA",1727,198,1595,204,53,42,0,12,55,43,0,12,19,20,5,8,5,8,0,12
14000US22071012000,"Census Tract 120, Orleans, LA",1485,122,1358,128,103,85,15,29,2,6,0,12,7,10,0,12,0,12,0,12
14000US22071012101,"Census Tract 121.01, Orleans, LA",2983,399,2373,349,210,124,0,12,303,122,0,12,5,8,92,59,0,12,92,59
14000US22071012102,"Census Tract 121.02, Orleans, LA",4087,522,3145,498,558,199,13,18,147,67,0,12,27,36,197,128,111,93,86,88
14000US22071012200,"Census Tract 122, Orleans, LA",2128,220,1637,271,205,107,1,5,220,231,0,12,48,71,17,18,0,12,17,18
14000US22071012300,"Census Tract 123, Orleans, LA",1956,251,964,147,868,144,0,12,0,12,0,12,29,33,95,121,0,12,95,121
14000US22071012400,"Census Tract 124, Orleans, LA",1827,284,868,138,929,244,0,12,5,8,0,12,13,18,12,18,0,12,12,18
14000US22071012500,"Census Tract 125, Orleans, LA",1539,188,1009,157,369,153,6,8,124,63,0,12,0,12,31,27,0,12,31,27
14000US22071012600,"Census Tract 126, Orleans, LA",1910,168,1586,195,126,65,8,14,158,108,0,12,0,12,32,25,0,12,32,25
14000US22071012700,"Census Tract 127, Orleans, LA",2238,311,1565,209,636,255,0,12,0,12,0,12,8,22,29,35,0,12,29,35
14000US22071012800,"Census Tract 128, Orleans, LA",2333,326,1634,287,483,226,16,25,141,84,0,12,26,27,33,34,33,34,0,12
14000US22071012900,"Census Tract 129, Orleans, LA",1361,173,867,113,384,152,0,12,61,58,0,12,16,16,33,28,0,12,33,28
14000US22071013000,"Census Tract 130, Orleans, LA",1812,315,759,158,1044,319,0,12,0,12,0,12,9,15,0,12,0,12,0,12
14000US22071013100,"Census Tract 131, Orleans, LA",1438,313,205,147,1228,260,0,12,0,12,0,12,0,12,5,7,0,12,5,7
14000US22071013200,"Census Tract 132, Orleans, LA",2272,326,923,214,1314,293,0,12,0,12,0,12,35,42,0,12,0,12,0,12
14000US22071013301,"Census Tract 133.01, Orleans, LA",3755,471,3557,480,62,73,0,12,70,77,0,12,33,49,33,31,13,21,20,23
14000US22071013302,"Census Tract 133.02, Orleans, LA",2124,198,1432,192,449,144,0,12,163,110,0,12,62,60,18,23,0,12,18,23
14000US22071013400,"Census Tract 134, Orleans, LA",2159,267,1241,183,569,184,0,12,214,100,0,12,45,54,90,60,0,12,90,60
14000US22071013500,"Census Tract 135, Orleans, LA",2266,254,2055,261,65,66,13,19,74,53,0,12,12,20,47,73,0,12,47,73
14000US22071013600,"Census Tract 136, Orleans, LA",1029,179,461,120,562,143,0,12,0,12,0,12,0,12,6,13,0,12,6,13
14000US22071013700,"Census Tract 137, Orleans, LA",2184,249,93,72,2086,258,0,12,0,12,0,12,0,12,5,7,0,12,5,7
14000US22071013800,"Census Tract 138, Orleans, LA",1535,222,66,39,1460,222,0,12,0,12,0,12,9,14,0,12,0,12,0,12
14000US22071013900,"Census Tract 139, Orleans, LA",1692,269,774,179,721,198,22,33,47,44,0,12,123,124,5,7,0,12,5,7
14000US22071014000,"Census Tract 140, Orleans, LA",1793,276,173,160,1598,253,5,7,0,12,0,12,0,12,17,24,0,12,17,24
14000US22071014100,"Census Tract 141, Orleans, LA",1915,334,742,238,1148,307,0,12,0,12,0,12,13,27,12,13,6,9,6,9
14000US22071014200,"Census Tract 142, Orleans, LA",1564,211,932,220,613,129,0,12,19,24,0,12,0,12,0,12,0,12,0,12
14000US22071014300,"Census Tract 143, Orleans, LA",1407,271,73,95,1322,261,0,12,1,2,0,12,0,12,11,18,0,12,11,18
14000US22071014400,"Census Tract 144, Orleans, LA",2077,258,875,158,838,234,47,68,0,12,0,12,114,140,203,183,0,12,203,183
14000US22071014500,"Census Tract 145, Orleans, LA",1852,278,486,116,1344,254,0,12,0,12,0,12,4,8,18,19,6,11,12,16
14000US22071980000,"Census Tract 9800, Orleans, LA",3,3,1,2,1,2,0,12,1,2,0,12,0,12,0,12,0,12,0,12
14000US22071980100,"Census Tract 9801, Orleans, LA",0,12,0,12,0,12,0,12,0,12,0,12,0,12,0,12,0,12,0,12
14000US22071990000,"Census Tract 9900, Orleans, LA",0,12,0,12,0,12,0,12,0,12,0,12,0,12,0,12,0,12,0,12
14000US22075050100,"Census Tract 501, Plaquemines, LA",1680,342,560,164,1120,320,0,12,0,12,0,12,0,12,0,12,0,12,0,12
14000US22075050200,"Census Tract 502, Plaquemines, LA",8888,546,7781,605,188,180,121,126,368,231,0,17,306,223,124,99,55,88,69,53
14000US22075050300,"Census Tract 503, Plaquemines, LA",4477,547,3568,409,567,348,13,18,56,48,0,12,62,75,211,164,0,12,211,164
14000US22075050400,"Census Tract 504, Plaquemines, LA",3943,447,2081,228,1649,383,58,61,155,194,0,12,0,12,0,12,0,12,0,12
14000US22075050500,"Census Tract 505, Plaquemines, LA",1453,333,309,138,940,338,90,66,8,14,0,12,0,12,106,87,0,12,106,87
14000US22075050600,"Census Tract 506, Plaquemines, LA",905,212,591,173,263,128,0,12,33,51,0,12,18,35,0,12,0,12,0,12
14000US22075050700,"Census Tract 507, Plaquemines, LA",925,222,783,208,16,24,9,14,62,66,0,12,20,32,35,43,0,12,35,43
14000US22075050800,"Census Tract 508, Plaquemines, LA",1114,253,753,187,184,130,56,50,85,87,0,12,10,14,26,26,0,12,26,26
14000US22075990000,"Census Tract 9900, Plaquemines, LA",0,12,0,12,0,12,0,12,0,12,0,12,0,12,0,12,0,12,0,12
14000US22087030103,"Census Tract 301.03, St. Bernard, LA",4289,369,3363,368,872,305,0,12,0,12,0,12,0,12,54,40,0,12,54,40
14000US22087030104,"Census Tract 301.04, St. Bernard, LA",1762,260,1641,267,27,42,43,57,0,12,0,12,22,35,29,50,0,12,29,50
14000US22087030105,"Census Tract 301.05, St. Bernard, LA",145,50,136,49,9,17,0,12,0,12,0,12,0,12,0,12,0,12,0,12
14000US22087030203,"Census Tract 302.03, St. Bernard, LA",2695,364,2206,211,158,141,0,12,46,64,0,12,199,269,86,108,65,102,21,32
14000US22087030204,"Census Tract 302.04, St. Bernard, LA",4387,496,1523,379,2720,428,0,12,44,55,0,12,0,12,100,108,7,12,93,102
14000US22087030206,"Census Tract 302.06, St. Bernard, LA",1780,276,1655,269,49,71,0,12,63,66,0,12,0,12,13,22,0,12,13,22
14000US22087030207,"Census Tract 302.07, St. Bernard, LA",3378,368,2703,333,295,178,108,139,193,168,0,12,27,28,52,46,0,12,52,46
14000US22087030208,"Census Tract 302.08, St. Bernard, LA",2865,385,2109,303,270,212,84,86,125,80,0,12,0,12,277,218,0,12,277,218
14000US22087030209,"Census Tract 302.09, St. Bernard, LA",3078,290,2636,278,442,188,0,12,0,12,0,12,0,12,0,12,0,12,0,12
14000US22087030300,"Census Tract 303, St. Bernard, LA",1503,254,1337,243,123,91,8,12,0,12,0,12,0,12,35,30,6,9,29,27
14000US22087030400,"Census Tract 304, St. Bernard, LA",1226,166,1081,139,121,47,0,12,0,12,0,12,0,12,24,31,0,12,24,31
14000US22087030500,"Census Tract 305, St. Bernard, LA",1843,269,1367,323,358,236,0,12,111,96,0,12,7,17,0,12,0,12,0,12
14000US22087030601,"Census Tract 306.01, St. Bernard, LA",1141,313,681,268,319,182,0,12,141,94,0,12,0,12,0,12,0,12,0,12
14000US22087030602,"Census Tract 306.02, St. Bernard, LA",2346,328,1904,332,289,150,0,12,0,12,0,12,112,185,41,33,0,12,41,33
14000US22087030603,"Census Tract 306.03, St. Bernard, LA",1492,235,833,255,652,236,0,12,0,12,0,12,0,12,7,13,0,12,7,13
14000US22087030700,"Census Tract 307, St. Bernard, LA",1470,199,1321,237,137,99,12,18,0,12,0,12,0,12,0,12,0,12,0,12
14000US22087030800,"Census Tract 308, St. Bernard, LA",3450,450,2518,373,659,273,28,33,120,182,0,12,0,12,125,80,0,12,125,80
14000US22087990000,"Census Tract 9900, St. Bernard, LA",0,12,0,12,0,12,0,12,0,12,0,12,0,12,0,12,0,12,0,12
14000US22089060100,"Census Tract 601, St. Charles, LA",2018,227,1545,174,430,117,0,12,10,15,0,12,0,12,33,34,0,12,33,34
14000US22089062100,"Census Tract 621, St. Charles, LA",6025,509,3619,429,2344,469,12,19,14,21,0,17,15,41,21,35,21,35,0,17
14000US22089062200,"Census Tract 622, St. Charles, LA",3307,437,996,128,2214,425,7,12,0,12,0,12,0,12,90,116,80,115,10,13
14000US22089062301,"Census Tract 623.01, St. Charles, LA",6112,508,4874,398,787,383,0,17,215,147,0,17,174,154,62,61,0,17,62,61
14000US22089062302,"Census Tract 623.02, St. Charles, LA",4836,395,3573,295,1144,384,17,23,17,22,0,12,8,14,77,75,32,49,45,52
14000US22089062400,"Census Tract 624, St. Charles, LA",1577,198,1127,157,450,193,0,12,0,12,0,12,0,12,0,12,0,12,0,12
14000US22089062500,"Census Tract 625, St. Charles, LA",3050,189,2840,210,157,116,0,12,10,19,0,12,0,12,43,41,0,12,43,41
14000US22089062700,"Census Tract 627, St. Charles, LA",4708,492,2147,395,2432,441,0,12,0,12,0,12,20,35,109,125,86,118,23,37
14000US22089062800,"Census Tract 628, St. Charles, LA",5137,485,2344,446,2647,542,0,17,0,17,0,17,47,55,99,110,0,17,99,110
14000US22089062900,"Census Tract 629, St. Charles, LA",2377,218,2019,163,285,162,0,12,23,28,7,12,0,12,43,31,0,12,43,31
14000US22089063000,"Census Tract 630, St. Charles, LA",1204,197,841,208,356,146,7,13,0,12,0,12,0,12,0,12,0,12,0,12
14000US22089063100,"Census Tract 631, St. Charles, LA",6979,447,6344,473,354,203,17,26,149,129,0,17,66,75,49,65,0,17,49,65
14000US22089063200,"Census Tract 632, St. Charles, LA",5297,584,4837,517,226,173,0,17,25,34,10,22,0,17,199,131,0,17,199,131
14000US22093040100,"Census Tract 401, St. James, LA",3677,107,2114,323,1537,296,12,19,0,12,0,12,0,12,14,22,0,12,14,22
14000US22093040200,"Census Tract 402, St. James, LA",3447,139,1851,245,1596,228,0,12,0,12,0,12,0,12,0,12,0,12,0,12
14000US22093040300,"Census Tract 403, St. James, LA",3284,247,2702,270,505,149,0,12,77,114,0,12,0,12,0,12,0,12,0,12
14000US22093040400,"Census Tract 404, St. James, LA",2537,294,806,185,1699,310,0,12,12,19,0,12,0,12,20,23,8,16,12,15
14000US22093040500,"Census Tract 405, St. James, LA",2530,287,103,52,2425,289,0,12,0,12,0,12,0,12,2,4,0,12,2,4
14000US22093040600,"Census Tract 406, St. James, LA",2850,356,791,155,2059,373,0,12,0,12,0,12,0,12,0,12,0,12,0,12
14000US22093040700,"Census Tract 407, St. James, LA",3591,262,2370,250,1221,187,0,12,0,12,0,12,0,12,0,12,0,12,0,12
14000US22095070100,"Census Tract 701, St. John the Baptist, LA",2818,609,1817,253,975,590,0,12,14,27,0,12,12,18,0,12,0,12,0,12
14000US22095070200,"Census Tract 702, St. John the Baptist, LA",7452,690,1137,225,6173,665,0,17,0,17,0,17,12,22,130,172,36,58,94,161
14000US22095070300,"Census Tract 703, St. John the Baptist, LA",6314,571,3929,489,2112,608,0,17,239,196,0,17,0,17,34,55,0,17,34,55
14000US22095070400,"Census Tract 704, St. John the Baptist, LA",4331,374,3008,235,1238,365,14,22,12,29,0,12,23,36,36,41,11,26,25,26
14000US22095070500,"Census Tract 705, St. John the Baptist, LA",5929,711,2142,379,3615,727,0,17,0,17,94,135,20,32,58,72,10,15,48,66
14000US22095070600,"Census Tract 706, St. John the Baptist, LA",2192,499,1220,326,972,473,0,12,0,12,0,12,0,12,0,12,0,12,0,12
14000US22095070700,"Census Tract 707, St. John the Baptist, LA",4200,390,2803,347,1271,340,18,29,0,12,0,12,92,108,16,25,0,12,16,25
14000US22095070800,"Census Tract 708, St. John the Baptist, LA",2597,485,212,89,2343,473,0,12,1,2,0,12,0,12,41,73,0,12,41,73
14000US22095070900,"Census Tract 709, St. John the Baptist, LA",3196,373,1230,181,1908,304,0,12,10,28,0,12,26,27,22,34,0,12,22,34
14000US22095071000,"Census Tract 710, St. John the Baptist, LA",2756,391,1760,288,893,355,26,38,0,12,0,12,39,64,38,49,6,10,32,49
14000US22095071100,"Census Tract 711, St. John the Baptist, LA",3354,429,342,140,3012,455,0,12,0,12,0,12,0,12,0,12,0,12,0,12
14000US22103040102,"Census Tract 401.02, St. Tammany, LA",9497,617,8911,587,335,142,19,29,17,22,0,17,72,81,143,89,0,17,143,89
14000US22103040103,"Census Tract 401.03, St. Tammany, LA",4641,454,4637,453,4,7,0,12,0,12,0,12,0,12,0,12,0,12,0,12
14000US22103040104,"Census Tract 401.04, St. Tammany, LA",6289,615,6183,631,33,32,0,17,0,17,0,17,68,77,5,8,0,17,5,8
14000US22103040201,"Census Tract 402.01, St. Tammany, LA",8687,758,7240,758,589,189,188,212,282,359,0,17,145,190,243,211,0,17,243,211
14000US22103040202,"Census Tract 402.02, St. Tammany, LA",6209,575,5920,538,80,55,23,44,26,42,0,17,32,35,128,116,0,17,128,116
14000US22103040303,"Census Tract 403.03, St. Tammany, LA",8978,511,8147,521,161,131,15,24,344,242,0,17,124,99,187,165,0,17,187,165
14000US22103040304,"Census Tract 403.04, St. Tammany, LA",6550,565,6356,607,0,17,12,21,29,38,0,17,0,17,153,116,15,24,138,114
14000US22103040305,"Census Tract 403.05, St. Tammany, LA",11275,596,10732,606,348,174,4,7,1,5,0,19,62,55,128,90,0,19,128,90
14000US22103040400,"Census Tract 404, St. Tammany, LA",7021,555,6517,568,407,296,0,17,17,37,0,17,20,31,60,57,22,25,38,55
14000US22103040501,"Census Tract 405.01, St. Tammany, LA",4097,301,1862,267,2183,312,18,21,0,12,8,15,9,17,17,22,0,12,17,22
14000US22103040502,"Census Tract 405.02, St. Tammany, LA",3589,297,2683,233,862,222,0,12,0,12,0,12,0,12,44,49,12,20,32,33
14000US22103040601,"Census Tract 406.01, St. Tammany, LA",2011,240,1977,243,18,25,12,20,0,12,0,12,0,12,4,8,0,12,4,8
14000US22103040602,"Census Tract 406.02, St. Tammany, LA",2306,272,2263,270,0,12,10,17,0,12,0,12,11,18,22,39,0,12,22,39
14000US22103040604,"Census Tract 406.04, St. Tammany, LA",8293,690,7643,736,307,179,0,17,71,82,0,17,193,222,79,67,22,39,57,52
14000US22103040605,"Census Tract 406.05, St. Tammany, LA",6524,456,5689,461,622,225,0,17,165,172,0,17,0,17,48,74,48,74,0,17
14000US22103040701,"Census Tract 407.01, St. Tammany, LA",9402,612,7220,689,1791,435,42,48,88,77,0,17,25,38,236,255,0,17,236,255
14000US22103040704,"Census Tract 407.04, St. Tammany, LA",5683,545,4686,476,728,270,128,201,42,55,0,17,5,10,94,101,0,17,94,101
14000US22103040705,"Census Tract 407.05, St. Tammany, LA",5691,645,4488,649,1029,425,42,76,12,19,0,17,47,57,73,56,37,37,36,48
14000US22103040706,"Census Tract 407.06, St. Tammany, LA",5029,581,4730,574,126,84,13,17,0,17,0,17,0,17,160,125,0,17,160,125
14000US22103040708,"Census Tract 407.08, St. Tammany, LA",6430,508,5404,538,724,173,21,32,222,197,0,17,24,33,35,59,0,17,35,59
14000US22103040709,"Census Tract 407.09, St. Tammany, LA",4292,399,3973,428,131,99,7,11,88,90,0,12,61,71,32,38,0,12,32,38
14000US22103040710,"Census Tract 407.10, St. Tammany, LA",6188,412,4755,535,781,348,15,22,306,212,47,53,156,228,128,120,0,17,128,120
14000US22103040801,"Census Tract 408.01, St. Tammany, LA",5155,465,3288,394,1069,320,258,172,16,26,20,30,341,322,163,101,0,17,163,101
14000US22103040802,"Census Tract 408.02, St. Tammany, LA",6923,527,5687,706,672,648,0,17,485,277,0,17,6,13,73,79,0,17,73,79
14000US22103040803,"Census Tract 408.03, St. Tammany, LA",9610,812,4230,578,4616,659,36,47,286,184,0,17,223,161,219,148,66,99,153,104
14000US22103040900,"Census Tract 409, St. Tammany, LA",3092,439,1330,327,1651,399,9,14,0,12,0,12,42,34,60,55,0,12,60,55
14000US22103041002,"Census Tract 410.02, St. Tammany, LA",3112,292,2937,294,88,87,5,11,0,12,0,12,18,30,64,56,0,12,64,56
14000US22103041003,"Census Tract 410.03, St. Tammany, LA",5222,490,4624,439,494,166,0,17,0,17,0,17,38,71,66,56,20,32,46,46
14000US22103041004,"Census Tract 410.04, St. Tammany, LA",4342,306,4051,318,120,82,0,12,35,37,0,12,67,78,69,47,10,15,59,45
14000US22103041101,"Census Tract 411.01, St. Tammany, LA",4079,419,3270,317,735,327,0,12,0,12,0,12,24,36,50,49,0,12,50,49
14000US22103041102,"Census Tract 411.02, St. Tammany, LA",6893,666,4654,559,2022,449,18,26,7,13,0,17,95,115,97,65,26,32,71,55
14000US22103041103,"Census Tract 411.03, St. Tammany, LA",3421,400,2256,399,921,274,0,12,29,44,0,12,94,149,121,131,0,12,121,131
14000US22103041104,"Census Tract 411.04, St. Tammany, LA",3405,352,2763,364,503,298,12,21,0,12,0,12,0,12,127,133,0,12,127,133
14000US22103041202,"Census Tract 412.02, St. Tammany, LA",2896,456,1812,329,793,441,31,33,0,12,0,12,192,232,68,64,0,12,68,64
14000US22103041204,"Census Tract 412.04, St. Tammany, LA",7768,628,6316,567,1170,274,45,54,0,17,36,43,116,122,85,99,0,17,85,99
14000US22103041207,"Census Tract 412.07, St. Tammany, LA",4192,330,3695,347,139,145,6,11,104,101,0,12,20,30,228,191,13,23,215,192
14000US22103041208,"Census Tract 412.08, St. Tammany, LA",4260,272,4083,274,0,12,0,12,144,110,0,12,26,39,7,11,0,12,7,11
14000US22103041209,"Census Tract 412.09, St. Tammany, LA",5145,380,4703,377,308,216,10,19,124,137,0,17,0,17,0,17,0,17,0,17
14000US22103041210,"Census Tract 412.10, St. Tammany, LA",2556,274,2294,294,179,172,0,12,52,58,0,12,0,12,31,44,0,12,31,44
14000US22103041211,"Census Tract 412.11, St. Tammany, LA",6296,476,5882,409,107,151,0,17,168,147,0,17,129,176,10,17,0,17,10,17
14000US22103041212,"Census Tract 412.12, St. Tammany, LA",3681,214,3504,212,115,65,0,12,33,39,0,12,29,44,0,12,0,12,0,12
14000US22103041300,"Census Tract 413, St. Tammany, LA",6102,423,5117,468,528,297,0,17,153,155,0,17,189,238,115,73,19,32,96,70
14000US22103990000,"Census Tract 9900, St. Tammany, LA",0,12,0,12,0,12,0,12,0,12,0,12,0,12,0,12,0,12,0,12
14000US22105953500,"Census Tract 9535, Tangipahoa, LA",7786,753,6236,661,1216,411,144,154,0,17,0,17,39,67,151,110,18,28,133,108
14000US22105953700,"Census Tract 9537, Tangipahoa, LA",10361,695,9484,690,466,299,118,140,57,77,0,19,36,57,200,138,42,51,158,113
14000US22105954600,"Census Tract 9546, Tangipahoa, LA",10747,812,9654,828,994,321,0,19,0,19,0,19,30,50,69,72,0,19,69,72
14000US22105954700,"Census Tract 9547, Tangipahoa, LA",4798,493,3925,520,773,270,0,12,0,12,0,12,12,18,88,72,0,12,88,72
14000US22105954800,"Census Tract 9548, Tangipahoa, LA",5021,594,4108,530,688,247,19,32,0,17,11,17,81,106,114,131,0,17,114,131
14000US22117950500,"Census Tract 9505, Washington, LA",5993,626,5409,688,560,350,0,17,14,26,0,17,0,17,10,18,0,17,10,18
14000US22117950600,"Census Tract 9506, Washington, LA",4429,550,4084,511,220,104,26,50,0,12,0,12,23,29,76,109,0,12,76,109
14000US22117951000,"Census Tract 9510, Washington, LA",3226,404,1708,300,1455,321,18,27,0,12,0,12,45,68,0,12,0,12,0,12
14000US28045030400,"Census Tract 304, Hancock, MS",2225,383,1351,281,848,336,0,12,0,12,0,12,0,12,26,30,0,12,26,30
14000US28045030602,"Census Tract 306.02, Hancock, MS",6280,694,5469,794,175,152,52,81,0,17,0,17,376,371,208,203,0,17,208,203
14000US28045990000,"Census Tract 9900, Hancock, MS",0,12,0,12,0,12,0,12,0,12,0,12,0,12,0,12,0,12,0,12
14000US28047990000,"Census Tract 9900, Harrison, MS",0,12,0,12,0,12,0,12,0,12,0,12,0,12,0,12,0,12,0,12
14000US28109950401,"Census Tract 9504.01, Pearl River, MS",6798,566,5998,562,640,317,0,17,43,72,0,17,0,17,117,115,0,17,117,115
14000US28109950700,"Census Tract 9507, Pearl River, MS",7805,698,5049,726,2558,384,0,17,167,141,0,17,0,17,31,37,0,17,31,37
31000US35380,"New Orleans-Metairie, LA Metro Area",1209239,0,706845,2048,418024,1265,5348,701,33800,579,644,264,25744,2048,18834,1139,2617,532,16217,984
